<?xml version="1.0" encoding="UTF-8"?>
<beans xmlns="http://www.springframework.org/schema/beans"
       xmlns:xsi="http://www.w3.org/2001/XMLSchema-instance"
       xmlns:context="http://www.springframework.org/schema/context"
       xmlns:tx="http://www.springframework.org/schema/tx"
       xmlns:aop="http://www.springframework.org/schema/aop"
       xsi:schemaLocation="http://www.springframework.org/schema/beans
       http://www.springframework.org/schema/beans/spring-beans.xsd
        http://www.springframework.org/schema/context

         http://www.springframework.org/schema/context/spring-context.xsd
         http://www.springframework.org/schema/aop
         http://www.springframework.org/schema/aop/spring-aop.xsd
        http://www.springframework.org/schema/tx
        http://www.springframework.org/schema/tx/spring-tx.xsd">

<!--组件扫描-->
    <context:component-scan base-package="com.atguigu.spring5"></context:component-scan>

    <!-- 数据库连接池 -->
    <bean id="dataSource" class="com.alibaba.druid.pool.DruidDataSource"
          destroy-method="close">
<!--        <property name="url" value="jdbc:mysql://localhost:3306/user_db?characterEncoding=UTF-8"/>-->
        <property name="url" value="jdbc:mysql:///user_db" />
        <property name="username" value="root" />
        <property name="password" value="123456" />
        <property name="driverClassName" value="com.mysql.jdbc.Driver" />
    </bean>

    <!--创建jdbcTemplate对象-->
    <bean id="jdbcTemplate" class="org.springframework.jdbc.core.JdbcTemplate">
    <!--注入datasource-->
    <property name="dataSource" ref="dataSource"/>
    </bean>

<!--    创建事务管理器-->
    <bean id="dataSourceTransactionManager" class="org.springframework.jdbc.datasource.DataSourceTransactionManager">
    <!-- 注入数据源       -->
        <property name="dataSource" ref="dataSource"></property>
    </bean>

<!--    开启事务的注解-->
<!--    <tx:annotation-driven transaction-manager="dataSourceTransactionManager"></tx:annotation-driven>-->
<!--    配置通知（增强）-->
    <tx:advice transaction-manager="dataSourceTransactionManager" id="txadvice">
<!--        配置事务相关参数-->
        <tx:attributes>
<!--            指定那种规则的方法上面添加事务  -->
            <tx:method name="accountMoney" propagation="REQUIRED" isolation="REPEATABLE_READ"/>
<!--            <tx:method name="account*"/>-->
        </tx:attributes>
    </tx:advice>

<!--    3.配置切入点和切面  -->
    <aop:config>
<!--        配置通知-->
        <aop:pointcut id="pointcut" expression="execution(* com.atguigu.spring5.service.UserService.*(..))"/>
<!--        配置切面 -->
        <aop:advisor advice-ref="txadvice" pointcut-ref="pointcut"></aop:advisor>
    </aop:config>




</beans>